{"labels_3d": [2, 2, 2, 2, 2, 2, 2, 2, 2, 2], "scores_3d": [0.951939582824707, 0.9455033540725708, 0.9103877544403076, 0.871447741985321, 0.8360061645507812, 0.7959685325622559, 0.7740345597267151, 0.6633529663085938, 0.6450880169868469, 0.5037806034088135], "bboxes_3d": [[14.759933471679688, -1.1046316623687744, -1.5369977951049805, 3.7430124282836914, 1.5424695014953613, 1.489673137664795, -0.31199944019317627], [8.114890098571777, 1.2280417680740356, -1.5824429988861084, 3.6386399269104004, 1.5505168437957764, 1.531383991241455, 2.8386378288269043], [6.47607421875, -3.870227336883545, -1.7342331409454346, 3.1718006134033203, 1.5081337690353394, 1.437843680381775, -0.2826622724533081], [33.607208251953125, -7.0866618156433105, -1.3756496906280518, 4.335582733154297, 1.749590277671814, 1.7403156757354736, 2.8678717613220215], [3.763333320617676, 2.7248282432556152, -1.6717634201049805, 3.6458089351654053, 1.5721625089645386, 1.583968997001648, -0.2663557529449463], [20.117103576660156, -8.44283676147461, -1.7342760562896729, 2.250164270401001, 1.4855132102966309, 1.5236518383026123, -0.35694730281829834], [24.954423904418945, -10.209113121032715, -1.7076526880264282, 3.8044681549072266, 1.6182972192764282, 1.4613792896270752, -0.40594375133514404], [28.749906539916992, -1.5282530784606934, -1.2304328680038452, 4.148706912994385, 1.6273434162139893, 1.5672340393066406, 1.2427154779434204], [55.54921340942383, -20.306373596191406, -1.3923131227493286, 4.367629051208496, 1.7144317626953125, 1.760594129562378, 2.7885279655456543], [40.905094146728516, -9.846598625183105, -1.3448638916015625, 3.870401620864868, 1.5952123403549194, 1.5451829433441162, -0.3637930154800415]], "box_type_3d": "LiDAR"}